time,prec
0,2.5285255560447695e-06
30,1.1967797490797238e-06
60,3.137424471333361e-07
90,1.1422454235798796e-06
120,1.526144615127123e-06
150,2.687165988390916e-06
180,3.4678982956393156e-06
210,2.683399543457199e-06
240,1.6784752006060444e-06
270,7.891461564213387e-07
300,1.907594878503005e-06
330,2.4520622901036404e-06
360,1.9278679701528745e-06
390,7.840329772079713e-07
420,1.7765224811228109e-06
450,1.560218720442208e-06
480,3.5364830637263367e-06
510,1.9118149339192314e-06
540,1.4029324120201636e-06
570,2.3984898689377587e-06
600,1.066719164555252e-06
630,1.7093253745770198e-06
660,3.000684046128299e-06
690,6.788933433199418e-07
720,1.7862444110505749e-06
750,1.1354419484632672e-06
780,1.1688779295582208e-06
810,2.9478771921276348e-06
840,2.446402277200832e-06
870,8.780313578427013e-07
900,1.4077819514568546e-06
930,8.207917971958523e-07
960,1.528986558696488e-06
990,1.054185190696444e-06
1020,1.5353911066995352e-06
1050,4.3389655957071227e-07
1080,2.364613891359113e-07
1110,1.349371359538054e-06
1140,2.6792431526700966e-06
1170,3.0965200039645424e-06
1200,1.7035192740877392e-06
1230,9.519001196167665e-07
1260,9.7139559329662e-07
1290,1.9855326627293834e-06
1320,1.542393647468998e-06
1350,1.0078147170133889e-06
1380,1.4316652823254117e-06
1410,3.4088247957697604e-06
1440,1.7466226154283504e-06
1470,2.4086818939395016e-06
1500,9.430652880837442e-07
1530,1.4857382666377816e-06
1560,1.5868573655097862e-06
1590,9.19955084555113e-07
1620,5.875937176824664e-07
1650,1.3474509614752606e-06
1680,3.0905225685273763e-06
1710,2.048115220532054e-06
1740,1.0651903039615718e-06
1770,2.117191343131708e-06
1800,1.192769786939607e-06
1830,1.3299057854965213e-06
1860,2.83796907751821e-06
1890,2.1150740394659806e-06
1920,1.6352107650163816e-06
1950,2.884575906136888e-06
1980,4.2779601017173263e-07
2010,3.9382601357829117e-07
2040,1.1772860943892738e-06
2070,1.7464403754274826e-06
2100,1.099956534744706e-06
2130,9.751377092470648e-07
2160,3.1602151011611568e-06
2190,7.91628167462477e-07
2220,1.7057282093446702e-06
2250,3.581521241358132e-06
2280,1.9609199171100045e-06
2310,2.4379808110097656e-06
2340,3.3250776141358074e-06
2370,1.56743237766932e-06
2400,1.6995854821288958e-06
2430,1.9827357391477562e-06
2460,7.854997079448367e-07
2490,1.4812129620622727e-06
2520,6.970004164941201e-07
2550,3.3206588341272436e-06
2580,2.1971866317471722e-06
2610,2.169126446460723e-06
2640,1.6803597873149556e-06
2670,1.3060994206171017e-06
2700,1.0856343806153745e-06
2730,1.0366744618295343e-06
2760,2.7125868200528203e-06
2790,1.9490028080326738e-06
2820,8.879931669980579e-07
2850,1.681563958300103e-06
2880,1.978771251742728e-06
2910,7.178423970799486e-07
2940,2.541715730330907e-06
2970,1.5789984217917663e-06
3000,5.882808409296558e-07
3030,1.3389550304054865e-06
3060,3.1092242807062576e-06
3090,1.9969804725405993e-06
3120,2.7872629289049655e-06
3150,1.170327209365496e-06
3180,6.548148121510167e-07
3210,1.8074317722494015e-06
3240,2.139392563549336e-06
3270,1.2409971077431692e-06
3300,1.8818940361597924e-06
3330,1.3486468333212542e-06
3360,2.331652467546519e-06
3390,7.50615242850472e-07
3420,1.918142970680492e-06
3450,1.2264389397387276e-06
3480,2.4529724669264397e-06
3510,2.3169941414380446e-06
3540,9.907207640935667e-07
3570,1.8882108179241186e-06
3600,1.0895776085817488e-06
3630,5.873325790162198e-07
3660,2.1572166133410065e-06
3690,1.1491080158521072e-06
3720,2.6530103696131846e-06
3750,7.980458462952811e-07
3780,9.006549248624651e-07
3810,2.3910117761261063e-06
3840,1.1385923244233709e-06
3870,1.977203964997898e-06
3900,9.907652156471158e-07
3930,1.2303000858082669e-06
3960,1.418412807652203e-06
3990,8.053798978835403e-07
4020,8.75501939390233e-07
4050,2.7250855509919347e-06
4080,1.5721535646662232e-06
4110,1.4950931017665425e-06
4140,1.2799215483028092e-06
4170,1.3252221151560661e-06
4200,1.6133982398969238e-06
4230,1.8361128013566486e-06
4260,1.1436801514719264e-06
4290,3.963373274018522e-06
4320,1.8645656609805883e-06
4350,1.5232611758619896e-06
4380,1.5131827240111306e-06
4410,2.0658701487263897e-06
4440,1.974433416762622e-06
4470,2.2748376977688167e-06
4500,1.6575244217165164e-06
4530,2.2631511455983855e-06
4560,2.0294517071306473e-06
4590,1.0392089961897e-06
4620,6.202080840012059e-07
4650,2.0530292204057332e-06
4680,1.6309668353642337e-06
4710,1.33637013277621e-06
4740,1.340341668765177e-06
4770,1.673335077612137e-06
4800,1.3781314009975176e-06
4830,1.0920865634034271e-06
4860,1.6645027471895446e-06
4890,1.960300096470746e-06
4920,1.8726698272075737e-06
4950,2.287317784066545e-06
4980,1.733277713356074e-06
5010,3.0908013286534697e-06
5040,1.521770059298433e-06
5070,1.5386178802145878e-06
5100,1.089635475182149e-06
5130,1.2764249959218432e-06
5160,7.194796012299776e-07
5190,2.692257339731441e-06
5220,1.0781357104860945e-06
5250,2.452449280099245e-06
5280,1.4077414789426257e-06
5310,9.919530157276313e-07
5340,8.764397989580175e-07
5370,2.21413210965693e-06
5400,1.0570519179964322e-06
5430,2.32110846809519e-06
5460,1.0489573014638154e-06
5490,2.7334265269018942e-06
5520,1.9635560875030933e-06
5550,1.5663063095416874e-06
5580,1.7231024003194761e-06
5610,4.83668145534466e-07
5640,1.3310278745848336e-06
5670,1.0022808965004515e-06
5700,1.4320646641863277e-06
5730,2.1733753783337306e-06
5760,1.3377934919844847e-06
5790,6.042867539690633e-07
5820,2.8102135729568545e-06
5850,2.1322812244761735e-06
5880,1.9460730982245877e-06
5910,1.429179746992304e-06
5940,1.4859813290968304e-06
5970,1.2205290431666072e-06
6000,1.2892136282971478e-06
6030,2.307735485373996e-06
6060,3.3219739634660073e-06
6090,2.6205718768324004e-06
6120,9.756649888004176e-07
6150,1.6538122054043924e-06
6180,2.8828417271142825e-06
6210,2.0488396330620162e-06
6240,1.5640969195374055e-06
6270,2.3662837520532776e-06
6300,2.0132217741775094e-06
6330,2.546172254369594e-06
6360,2.270631739520468e-06
6390,1.2832223319492186e-06
6420,1.1359505833752337e-06
6450,1.3732352499573608e-06
6480,7.588359949295409e-07
6510,4.85140390082961e-07
6540,2.302025905009941e-06
6570,1.4652032405138016e-06
6600,1.3329138255357975e-06
6630,1.743594225445122e-06
6660,1.339325649496459e-06
6690,1.456078166484076e-06
6720,8.387750654037518e-07
6750,2.1635228222294245e-06
6780,1.180068352368835e-06
6810,3.961523873385886e-07
6840,3.98325425976509e-07
6870,1.2500324828579323e-06
6900,1.2692760265053948e-06
6930,1.3789089052806958e-06
6960,1.6711315993234166e-06
6990,3.000028300448321e-06
7020,1.8677149000723148e-06
7050,1.0797417644425877e-06
7080,8.187367370737775e-07
7110,1.5111229458852904e-06
7140,1.6252975001407322e-06
7170,2.068984713332611e-06
7200,1.676501256042684e-06
7230,6.73568763431831e-07
7260,1.5487120208490524e-06
7290,2.20842775888741e-06
7320,9.58310238274862e-07
7350,8.562090556551993e-07
7380,2.0090071757294936e-06
7410,2.5999029276135843e-06
7440,1.2872523029727745e-06
7470,8.487457421324507e-07
7500,3.741745331353741e-07
7530,2.4207972728618188e-06
7560,2.3894949663372245e-06
7590,2.0857821709796553e-06
7620,1.2493003396230051e-06
7650,1.600074710950139e-06
7680,1.1897262766069616e-06
7710,2.978337533932063e-06
7740,1.0339734899389441e-06
7770,9.878298214971437e-07
7800,7.632560254933196e-07
7830,2.4905500595195917e-06
7860,9.334540322925022e-07
7890,2.0551699435600312e-06
7920,1.3544587318392587e-06
7950,4.595418374719884e-07
7980,3.2826283131726086e-06
8010,1.4067856000110623e-06
8040,1.0471630957908928e-06
8070,2.178133627239731e-06
8100,1.2881176871815114e-06
8130,9.800980933505343e-07
8160,6.355192567752965e-07
8190,8.005955578482826e-07
8220,1.1558771575437277e-06
8250,1.306896024289017e-06
8280,1.5300302038667724e-06
8310,1.3193430277169682e-06
8340,3.162982693538652e-06
8370,1.2000015203739167e-06
8400,9.121609423345944e-07
8430,2.228231096523814e-06
8460,5.09813560256589e-07
8490,9.800045290830894e-07
8520,1.267680431737972e-06
8550,1.963659087778069e-06
8580,1.7148921642728965e-06
8610,2.610915544210002e-06
8640,3.837700148778822e-07
8670,2.0272668734833132e-06
8700,1.980254864974995e-06
8730,2.1561738776654238e-06
8760,1.3001550769331516e-06
8790,3.0050143777771154e-06
8820,1.0001703003581497e-06
8850,4.437279699232022e-07
8880,3.2919763270911062e-06
8910,1.2672837783611612e-06
8940,2.224511035819887e-06
8970,2.359924337724806e-06
9000,6.277926445363846e-07
9030,4.754283963848138e-06
9060,2.0801248865609523e-06
9090,1.2112590184187866e-06
9120,1.4384304449777119e-06
9150,1.729570385577972e-06
9180,2.525882337067742e-06
9210,1.0761995099528576e-06
9240,1.8676291801966727e-06
9270,2.1953030682198005e-06
9300,1.7349419749734807e-06
9330,1.8448841956342221e-06
9360,1.4534263073073816e-06
9390,1.5000667872300255e-06
9420,1.2409715282046818e-06
9450,2.1260700577840907e-06
9480,2.9202185487520183e-06
9510,2.4682824459887343e-06
9540,1.5917959217404132e-06
9570,1.9339729533385253e-06
9600,3.6966940797356074e-07
9630,8.540600902051665e-07
9660,1.9188619262422435e-06
9690,2.1059966002212605e-06
9720,7.604697884744382e-07
9750,2.683359809907415e-07
9780,8.227142984651437e-07
9810,1.1335047247484908e-06
9840,1.4774997225686093e-06
9870,1.5880092405495816e-06
9900,1.807273974918644e-06
9930,1.2872171737399185e-06
9960,7.730910169811978e-07
9990,1.1712638752214843e-06
10020,8.327781984007743e-07
10050,1.6234328086284222e-06
10080,6.686623237328604e-07
10110,1.2652197938223253e-06
10140,1.022187234411831e-06
10170,1.5937638409013744e-06
10200,9.909306299960008e-07
10230,1.4035776985110715e-06
10260,2.11614337786159e-06
10290,1.1615416042332072e-06
10320,1.682871584307577e-06
10350,1.0997631534337415e-06
10380,2.0896306978102075e-06
10410,4.793322432306013e-07
10440,1.33503885990649e-06
10470,1.685385541350115e-06
10500,1.641413518882473e-06
10530,1.775178816387779e-06
10560,2.579339025032823e-06
10590,1.1164019042553264e-06
10620,2.1114533410582226e-06
10650,1.7068358602045919e-06
10680,2.275591441502911e-06
10710,1.8961201249112491e-06
10740,3.71822693523427e-07
10770,1.6030462575145066e-06
10800,2.1883649878873257e-06
10830,5.374022293835878e-07
10860,4.4259749643060786e-07
10890,2.125876790159964e-06
10920,1.659847839619033e-06
10950,1.0508097147976514e-06
10980,1.675853923188697e-06
11010,1.0367722325099749e-06
11040,5.106118692310702e-07
11070,9.28390193166706e-07
11100,1.7808556549425703e-06
11130,1.6738071053623571e-06
11160,3.6742114843946183e-06
11190,1.4464550304182922e-06
11220,9.946072623279179e-07
11250,1.7638676581555046e-06
11280,2.008048568313825e-06
11310,9.281789630222192e-07
11340,2.449110297675361e-06
11370,3.40916062668839e-06
11400,1.8315639636057313e-06
11430,1.1165089972564601e-06
11460,3.0324952149385354e-06
11490,2.5612523586460156e-06
11520,1.9438921299297363e-06
11550,6.129672556198784e-07
11580,2.242621121695265e-06
11610,1.6590471432209597e-06
11640,2.2198287297214847e-06
11670,2.588757524790708e-06
11700,1.8185695580541505e-06
11730,9.753756557984161e-07
11760,1.3529727311833994e-06
11790,2.4267508251796244e-06
11820,9.595737537893e-07
11850,8.66891241457779e-07
11880,1.5260451391441165e-06
11910,1.2835340612582513e-06
11940,9.799171039048815e-07
11970,2.0318916540418286e-06
12000,6.085810468903219e-07
12030,2.383203394629163e-07
12060,1.5144249800869147e-06
12090,1.6820084738355945e-06
12120,1.2240568594279466e-06
12150,1.5976216900526197e-06
12180,5.95221194998885e-07
12210,1.6369301647500833e-06
12240,8.747135780140525e-07
12270,1.875770976766944e-06
12300,2.2066797100706026e-06
12330,1.8707835351960966e-06
12360,2.006454678848968e-06
12390,1.097114591175341e-06
12420,2.774684617179446e-06
12450,1.3059205912213656e-06
12480,2.7844623673445312e-06
12510,1.2514273066699388e-06
12540,1.5603719702994567e-06
12570,2.4636342459416483e-06
12600,9.140248948824592e-07
12630,2.92151730718615e-06
12660,9.060474894795334e-07
12690,2.2779277060180902e-06
12720,2.32123670684814e-06
12750,9.050102107721614e-07
12780,1.7575634956301656e-06
12810,3.330022082081996e-06
12840,2.52567883762822e-06
12870,2.1780092538392637e-06
12900,1.5039405525385519e-06
12930,2.5535830445733154e-06
12960,1.9430449356150348e-06
12990,7.586555170746578e-07
13020,3.7261506804497913e-06
13050,1.016430701383797e-06
13080,1.7699674117466202e-06
13110,4.851849553233478e-07
13140,2.1909268070885446e-06
13170,2.5219264898623805e-06
13200,2.391593341144471e-07
13230,2.185580569857848e-06
13260,7.312986554097733e-07
13290,1.9049937236559344e-06
13320,6.671478445241519e-07
13350,6.704363499920873e-07
13380,1.5505761439271737e-06
13410,1.8447808542987332e-06
13440,1.0326988331144094e-06
13470,3.113086222583661e-06
13500,2.7439125460659852e-06
13530,9.649131698097335e-07
13560,8.254085628323082e-07
13590,2.885036565203336e-06
13620,4.699000157870614e-07
13650,1.6176581993931904e-06
13680,1.3678753703061375e-06
13710,4.659007402096904e-07
13740,2.166110107282293e-06
13770,1.2891846381535288e-06
13800,1.9314556993776932e-06
13830,1.4035332469575224e-06
13860,1.6559545201744186e-06
13890,2.963640554298763e-06
13920,2.6949503535433905e-06
13950,2.311216576345032e-06
13980,1.2148843779868912e-06
14010,1.7064687654055888e-06
14040,1.8722402046478237e-06
14070,1.0663943612598814e-06
14100,3.3628218716330593e-06
14130,1.5122815284485114e-06
14160,6.659058726654621e-07
14190,2.3973273073352175e-06
14220,1.587434894645412e-06
14250,7.145272888919862e-07
14280,5.620286742669123e-07
14310,1.227237589773722e-06
14340,1.114543124458578e-06
14370,3.7146151043998543e-06
14400,1.3713602129428182e-06
14430,9.704237982077757e-07
14460,2.6416737455292605e-06
14490,3.06980473396834e-06
14520,2.9894733870605705e-06
14550,4.418358003022149e-06
14580,6.82096583659586e-07
14610,2.764061036941712e-06
14640,3.0049150154809467e-06
14670,1.1479357908683596e-06
14700,1.6539613625354832e-06
14730,2.9070563414279604e-06
14760,8.652368137518351e-07
14790,2.0205018245178508e-06
14820,1.7362785911245737e-06
14850,2.4684329673618777e-06
14880,2.4174589725589612e-06
14910,1.172332304122392e-06
14940,1.2846271602029447e-06
14970,2.177874421249726e-06
15000,7.648078508282197e-07
15030,7.323048407670285e-07
15060,1.2888000355815166e-06
15090,3.1603797197021777e-06
15120,1.5667509387640166e-06
15150,2.4831090286170365e-06
15180,2.3286424948310014e-06
15210,3.96577297578915e-06
15240,2.159917812605272e-06
15270,1.1359177278791321e-06
15300,1.0286930773872882e-06
15330,5.351661229724414e-07
15360,1.6691358268872136e-06
15390,9.535755225442699e-07
15420,7.496734610867861e-07
15450,1.5788536984473467e-06
15480,2.089201643684646e-06
15510,1.674791747063864e-06
15540,1.29931038372888e-06
15570,2.3038201106828637e-06
15600,1.8031282706942875e-06
15630,1.364610966447799e-06
15660,1.6104811493278248e-06
15690,1.3043655826550093e-06
15720,1.4028630630491534e-06
15750,4.3391440840423456e-07
15780,1.1056997664127266e-06
15810,1.6078300859589945e-06
15840,2.420190412522061e-06
15870,1.9848525880661327e-06
15900,1.1717123697962961e-06
15930,1.1650585065581254e-06
15960,1.4436072888202034e-06
15990,1.5091520708665485e-06
16020,1.0454615448907134e-06
16050,2.2076928871683776e-06
16080,1.8270288819621783e-06
16110,2.4932580799941206e-06
16140,1.325877178715018e-06
16170,2.0032914562762016e-06
16200,6.373117003022344e-07
16230,1.0763930049506598e-06
16260,1.10870246317063e-06
16290,1.1688158565448248e-06
16320,2.090207544824807e-06
16350,1.1560046004888136e-06
16380,1.4193684592100908e-06
16410,1.2996520126762334e-06
16440,2.561618202889804e-06
16470,2.0138518266321626e-06
16500,2.3581610548717435e-06
16530,9.730259762363858e-07
16560,8.521328709321097e-07
16590,1.8149014522350626e-06
16620,1.1279671525699086e-06
16650,2.4888088319130475e-06
16680,2.0958805180271156e-06
16710,1.6833621430123458e-06
16740,2.1216299046500353e-06
16770,2.6565763278085797e-07
16800,1.1019526482414221e-06
16830,8.405475000472507e-07
16860,5.651174888043897e-07
16890,1.4393140190804843e-06
16920,1.5124322771953302e-06
16950,6.403705583579722e-07
16980,9.745853049025754e-07
17010,2.8857032248197356e-06
17040,2.9697703212150373e-06
17070,1.6432126130894176e-06
17100,4.504322532739025e-06
17130,6.233042313397164e-07
17160,2.518902647352661e-06
17190,1.8071215208692593e-06
17220,9.030045475810766e-07
17250,1.5360611769210664e-06
17280,3.14390877065307e-06
17310,2.2346232526615495e-06
17340,1.930395683302777e-06
17370,2.1771925275970716e-06
17400,3.2253888093691785e-06
17430,1.1334374221405596e-06
17460,1.4540087249770295e-06
17490,1.6587873687967658e-06
17520,1.948871158674592e-06
17550,2.3508493995905155e-06
17580,3.8012066738701833e-07
17610,1.3565569361162488e-06
17640,9.001984722090128e-07
17670,1.4411557458515745e-07
17700,2.371128175582271e-06
17730,2.1617340735247126e-06
17760,1.6886899629753316e-06
17790,1.5679754596931161e-06
17820,7.61414469252486e-07
17850,2.19463345274562e-06
17880,7.088276561262319e-07
17910,1.3258214721645345e-06
17940,1.2295705573706073e-06
17970,1.2156841648902628e-06
18000,2.1207276859058766e-06
18030,1.8250402717967518e-06
18060,1.6918210121730226e-06
18090,1.2541244132080465e-06
18120,1.0460510111443e-06
18150,1.4363523632709985e-06
18180,8.531587809557095e-07
18210,1.1507472663652152e-06
18240,2.4462415240122937e-06
18270,1.4305826425697887e-06
18300,1.0281530649081105e-06
18330,2.0490408587647835e-06
18360,1.7888908132590586e-06
18390,2.8041747555107577e-06
18420,1.1943521940338542e-06
18450,6.577831186405092e-07
18480,2.995085196744185e-06
18510,7.807902875356376e-07
18540,2.348145244468469e-06
18570,1.8946781210615882e-06
18600,1.414234247931745e-06
18630,2.47379239226575e-06
18660,9.76361093307787e-07
18690,5.487608518706111e-07
18720,1.6552581882933737e-06
18750,1.4569963013855158e-06
18780,1.4886613826092798e-06
18810,4.804096533916891e-06
18840,2.506504642951768e-06
18870,1.246710439772869e-06
18900,2.141205413863645e-06
18930,1.5026049595689983e-06
18960,8.585813588979363e-07
18990,8.319238418152963e-07
19020,1.5829389212740352e-06
19050,1.2032942322548479e-06
19080,1.0821499927260447e-06
19110,1.9306164631416323e-06
19140,1.6577590713495738e-06
19170,2.286365315740113e-06
19200,1.1598417586355936e-06
19230,1.0940765378109063e-06
19260,1.1762639360313187e-06
19290,1.9408209936955245e-06
19320,2.74546164291678e-06
19350,2.1585976810456486e-06
19380,9.061511150321166e-07
19410,3.442229399297503e-06
19440,1.946172687894432e-06
19470,1.1977531357842963e-06
19500,6.131689929134154e-07
19530,2.0879635940218577e-06
19560,1.9785661606874783e-06
19590,1.341927031717205e-06
19620,1.666634375396825e-06
19650,2.0561017208819976e-06
19680,1.8371155192653532e-06
19710,2.254206947327475e-06
19740,1.6103141433632118e-06
19770,9.488123851042474e-07
19800,1.1205333976249676e-06
19830,4.813894634025928e-07
19860,2.154546791643952e-06
19890,2.3798179427103605e-06
19920,1.0928750953098643e-06
19950,1.3871673445464694e-06
19980,6.806735086684057e-07
20010,1.9490057638904545e-06
20040,1.8362889022682793e-06
20070,1.420817284270015e-06
20100,5.190115643927129e-07
20130,1.068291908268293e-06
20160,1.160486817752826e-06
20190,4.755425493385701e-07
20220,1.4326328710012604e-06
20250,1.4834305375188706e-06
20280,2.4846401629474713e-06
20310,2.8057875169906765e-06
20340,2.6447050913702697e-06
20370,8.308504675369477e-07
20400,1.2256349464223604e-06
20430,2.3186546513898065e-06
20460,1.4090384183873539e-06
20490,1.1447092447269824e-06
20520,3.9761681591699016e-07
20550,3.1950155516824452e-06
20580,2.38019470089057e-06
20610,2.7768969630415086e-06
20640,1.6740764294809196e-06
20670,2.5583892693248345e-06
20700,1.613196786820481e-06
20730,1.2624489045265364e-06
20760,2.1821747395733837e-06
20790,2.5984645617427304e-06
20820,7.04554736330465e-07
20850,2.884579544115695e-06
20880,1.6522263877050136e-06
20910,1.616875124454964e-06
20940,2.618249254737748e-06
20970,3.383840521564707e-06
21000,1.8612972780829296e-06
21030,3.2156071938516106e-06
21060,9.682892141427146e-07
21090,1.2419915265127202e-06
21120,1.2411210263962857e-06
21150,2.6284196792403236e-06
21180,1.3803629599351552e-06
21210,2.4877683699742192e-06
21240,1.6871296111276024e-06
21270,9.585780844645342e-07
21300,2.707556859604665e-06
21330,1.5803981341377948e-06
21360,1.0808943216034095e-06
21390,3.1768795452080667e-06
21420,3.893550797329226e-07
21450,1.1614711183938198e-06
21480,5.036593506702047e-07
21510,7.356580908890464e-07
21540,1.1913231219295994e-06
21570,3.1990825846150983e-06
21600,2.3608040464750957e-06
21630,1.2737464203382842e-06
21660,6.932427254469076e-07
21690,1.46191155181441e-06
21720,3.2145135264727287e-06
21750,1.9640169739432167e-06
21780,2.2904114302946255e-06
21810,1.1735468206097721e-06
21840,1.0191234878220712e-06
21870,1.277827095691464e-06
21900,1.3463325103657553e-06
21930,8.257280796897248e-07
21960,1.4841264146525646e-06
21990,8.553567454328004e-07
22020,1.5413152141263708e-06
22050,2.1192970507399878e-06
22080,2.118763632097398e-06
22110,9.234436220140196e-07
22140,1.536871991447697e-06
22170,2.4911259970394894e-06
22200,3.1492353969042597e-07
22230,1.5523661431871005e-06
22260,1.5434363831445808e-06
22290,2.9193734008003958e-06
22320,1.8434050161886262e-06
22350,6.089220505600679e-07
22380,1.5830179336262518e-06
22410,1.0416973736937507e-06
22440,2.2741464817954693e-06
22470,6.594738124476862e-07
22500,1.0803690884131356e-06
22530,6.587914640476811e-07
22560,1.9845692804665305e-06
22590,1.5903393659755238e-06
22620,2.1602868400805164e-06
22650,1.386556164106878e-06
22680,3.8331136238412e-06
22710,1.5251939657900948e-06
22740,8.367273949261289e-07
22770,1.8027545820586965e-06
22800,1.4854058463242836e-06
22830,2.1560845198109746e-06
22860,1.43069235036819e-06
22890,1.865192643890623e-06
22920,2.114981953127426e-06
22950,9.142018484453729e-07
22980,1.7557008504809346e-06
23010,1.9517092368914746e-06
23040,4.990158117834653e-07
23070,1.6585846651651082e-06
23100,1.4811599839958944e-06
23130,9.013823500936269e-07
23160,2.012676304730121e-06
23190,1.2783433476215578e-06
23220,1.5467210232600337e-06
23250,3.0329194942169124e-06
23280,8.976023764262209e-07
23310,4.944869260725682e-07
23340,8.98340260846453e-07
23370,5.37090159014042e-07
23400,8.123946031446394e-07
23430,6.985615641497134e-07
23460,1.179147830043803e-06
23490,1.9618680653366027e-06
23520,6.403670909094217e-07
23550,1.5753138313812087e-06
23580,8.887538456292532e-07
23610,6.407165642485779e-07
23640,6.95843539233465e-07
23670,1.849652107921429e-06
23700,2.738478315222892e-06
23730,5.171511361368175e-07
23760,1.8904569287769846e-06
23790,7.292377404155559e-07
23820,5.201760586714954e-07
23850,2.105346311509493e-06
23880,2.395060619164724e-06
23910,1.5580268382109352e-06
23940,8.792912353783322e-07
23970,1.7568203247719794e-06
24000,2.748561655607773e-06
24030,2.1972302874928573e-06
24060,2.303889004906523e-06
24090,1.0804881185322301e-06
24120,1.950079649759573e-06
24150,4.3217042389187554e-07
24180,1.223498429681058e-06
24210,1.151738047155959e-06
24240,1.4759752957616001e-06
24270,9.525698487777845e-07
24300,2.3587911073263967e-06
24330,9.80998265731614e-07
24360,2.1473263132065767e-06
24390,1.3207449001129135e-06
24420,1.4193997230904642e-06
24450,1.2527628996394924e-06
24480,9.290533853345551e-07
24510,8.58771386447188e-07
24540,2.268027856189292e-06
24570,1.6685540913385921e-06
24600,1.9142635210300796e-06
24630,2.7949229206569726e-06
24660,1.0903381735261064e-06
24690,2.0321792817412643e-06
24720,2.8905724320793524e-06
24750,2.1108057808305603e-06
24780,1.659762915551255e-06
24810,1.9143897134199506e-06
24840,2.01721309167624e-06
24870,1.0281592039973475e-06
24900,1.3296639735926874e-06
24930,7.049580403872824e-07
24960,1.178459683615074e-06
24990,1.203876536237658e-06
25020,9.957062729881727e-07
25050,5.323057621353655e-07
25080,1.4094613334236783e-06
25110,1.9969929780927487e-06
25140,4.94213793444942e-07
25170,1.7133295386884129e-06
25200,1.2543546290544327e-06
25230,1.0352781600886374e-06
25260,3.8170219340827316e-07
25290,1.949080797203351e-06
25320,2.416410325167817e-06
25350,1.6937543705353164e-06
25380,1.1572248013180797e-06
25410,1.9272108602308435e-06
25440,2.798848072416149e-06
25470,1.7846346054284368e-06
25500,1.8217646129414788e-06
25530,1.9811584479612065e-06
25560,3.800722936375678e-07
25590,6.433865564758889e-07
25620,7.335027589761012e-07
25650,2.0485017557803076e-06
25680,1.950265868799761e-06
25710,3.7044030705146724e-06
25740,1.5449268175871111e-06
25770,9.259879334422294e-07
25800,1.1095057743659709e-06
25830,7.763875373711926e-07
25860,1.3156776503819856e-06
25890,8.2702217696351e-07
25920,2.953464900201652e-06
25950,7.016050176389399e-07
25980,8.836050824356789e-07
26010,1.4313583278635633e-06
26040,1.0610040135361487e-06
26070,1.4376917079061968e-06
26100,9.148649269263842e-07
26130,1.2183313629066106e-06
26160,2.0169707113382174e-06
26190,1.7161729601866682e-06
26220,2.015844984271098e-06
26250,9.988091278501088e-07
26280,6.796947218390414e-07
26310,1.24331882034312e-06
26340,1.155188101620297e-06
26370,1.6677895473549142e-06
26400,4.4208723011252005e-06
26430,7.078623411871376e-07
26460,1.2143026424382697e-06
26490,4.0058975514511985e-07
26520,7.427433388329518e-07
26550,1.4196134543453809e-06
26580,9.442389909963822e-07
26610,1.409180867995019e-06
26640,2.0646912162192166e-06
26670,2.1989867491356563e-06
26700,2.3446143586625112e-06
26730,2.5081685635086615e-06
26760,1.50599544213037e-06
26790,1.2857866522608674e-06
26820,1.2839702776545892e-06
26850,1.4261524938774528e-06
26880,2.718031055337633e-06
26910,2.2424155758926645e-06
26940,1.4804342072238796e-06
26970,2.502987626940012e-06
27000,1.6172569985428709e-06
27030,1.6478429643029813e-06
27060,8.138363796206249e-07
27090,1.5363135617008083e-06
27120,8.63368541104137e-07
27150,2.545439656387316e-06
27180,9.243024123861687e-07
27210,3.5278458199172746e-06
27240,1.6612384570180438e-06
27270,1.1444903975643683e-06
27300,5.860624128217751e-07
27330,1.4865394177832059e-06
27360,6.781498314012424e-07
27390,9.017800266519771e-07
27420,2.4792825570330024e-06
27450,2.8643926270888187e-06
27480,9.09160746687121e-07
27510,1.8872201508202124e-06
27540,1.528000666439766e-06
27570,1.693895001153578e-06
27600,1.3331057289178716e-06
27630,1.9738139656055864e-07
27660,7.870798981457483e-07
27690,2.16973285205313e-06
27720,2.031849362538196e-06
27750,1.1433828603912843e-06
27780,1.4676713817607379e-06
27810,1.6971407603705302e-06
27840,1.2775279856214183e-06
27870,1.434435603187012e-06
27900,2.6404277377878316e-06
27930,9.039756037054758e-07
27960,5.259033173388161e-07
27990,5.473784767673351e-07
28020,4.898150791632361e-07
28050,1.8906789591710549e-06
28080,3.8079056139395107e-06
28110,6.620457497774623e-07
28140,1.304599322793365e-06
28170,3.111333398919669e-06
28200,1.9074525425821776e-06
28230,1.6570780871916213e-06
28260,1.7473109892307548e-06
28290,1.6079010265457327e-06
28320,1.8167975213145837e-06
28350,2.3141069505072664e-06
28380,2.1823464066983433e-06
28410,2.8040903998771682e-06
28440,1.2826785678043962e-06
28470,1.5131938653212273e-06
28500,1.9636843262560433e-06
28530,2.9313500817806926e-06
28560,2.3676836917729815e-06
28590,2.0989061795262387e-06
28620,1.9341930510563543e-06
28650,3.291668917881907e-06
28680,7.566875410702778e-07
28710,1.0596641004667617e-06
28740,1.6416628341175965e-06
28770,5.498853852259344e-07
28800,9.91382648862782e-07
28830,1.6548267467442201e-06
28860,2.7026096631743712e-06
28890,1.7387571915605804e-06
28920,2.335239969397662e-06
28950,1.5377735280708293e-06
28980,5.441922894533491e-07
29010,1.6078702174127102e-06
29040,1.717912709864322e-06
29070,2.9076488772261655e-06
29100,1.818330019887071e-06
29130,1.4185633290253463e-06
29160,4.277669177099597e-06
29190,4.73619684271398e-06
29220,1.4117366617938387e-06
29250,2.064881755359238e-06
29280,3.8073555970186135e-06
29310,2.9749010082014138e-06
29340,1.2771538422384765e-06
29370,1.3337078144104453e-06
29400,1.8695589005801594e-06
29430,1.0328661801395356e-06
29460,6.359124427035567e-07
29490,8.843228442856343e-07
29520,5.280130039864162e-07
29550,1.2055724027959513e-06
29580,9.349477636533265e-07
29610,3.2809948606882244e-06
29640,1.1781343118855148e-06
29670,1.4358072348841233e-06
29700,2.5434346753172576e-06
29730,2.0449394924071385e-06
29760,1.1046795407310128e-06
29790,2.3695606614637654e-06
29820,1.986975576073746e-06
29850,1.4341827636599191e-06
29880,1.1267266017966904e-06
29910,1.8991170236404287e-06
29940,1.5184468793449923e-06
29970,1.32109585138096e-06
30000,2.3646989575354382e-06
30030,2.849855718523031e-06
30060,1.1372436574674794e-06
30090,1.5185347592705511e-06
30120,1.422554532837239e-06
30150,2.807911641866667e-06
30180,5.659572366312204e-07
30210,2.5356780497531872e-06
30240,1.0536574563957402e-06
30270,3.500994580463157e-06
30300,1.2940613487444352e-06
30330,1.2511161457950948e-06
30360,1.703374778116995e-06
30390,1.56445446464204e-06
30420,1.7076260974135948e-06
30450,1.363588808089844e-06
30480,1.8328221358387964e-06
30510,2.007523789870902e-06
30540,1.3458461580739822e-06
30570,1.0455929668751196e-06
30600,2.963143970191595e-06
30630,1.85291139587207e-06
30660,2.0546813175315037e-06
30690,2.187947529819212e-06
30720,1.472902681598498e-06
30750,2.472148707965971e-06
30780,1.0936291801044717e-06
30810,7.96418873960647e-07
30840,1.3070441582385683e-06
30870,1.6785513707873179e-06
30900,5.491139631885744e-07
30930,1.4825516245764447e-06
30960,2.095770923915552e-06
30990,1.0200413953498355e-06
31020,1.1765334875235567e-06
31050,2.917175834227237e-06
31080,1.5178832200035686e-06
31110,1.948419594555162e-06
31140,2.102730149999843e-06
31170,1.9192436866433127e-06
31200,1.4091019693296403e-06
31230,1.645712131903565e-06
31260,9.078982543542224e-07
31290,2.503145196897094e-06
31320,7.90914327808423e-07
31350,9.855980351858307e-07
31380,1.8669632027012995e-06
31410,1.9966000763815828e-06
31440,1.7357446040477953e-06
31470,2.5450258362980094e-06
31500,1.5032433111628052e-06
31530,2.8293143259361386e-06
31560,2.0014692836411996e-06
31590,1.3260689684102545e-06
31620,7.606838039464492e-07
31650,1.537755679237307e-06
31680,2.090945827148971e-06
31710,2.9553746117017e-06
31740,2.273440486533218e-06
31770,1.486607175138488e-06
31800,2.1381256374297664e-06
31830,4.044920558499143e-07
31860,1.0151698006666265e-06
31890,6.841824529146834e-07
31920,4.3555917272897204e-07
31950,1.767838625710283e-06
31980,8.881667667992588e-07
32010,2.0041666175529826e-06
32040,5.875371584806999e-07
32070,1.7040623561115353e-06
32100,1.5860171060921857e-06
32130,1.990703822229989e-06
32160,2.2231211005419027e-06
32190,1.1894322824446135e-06
32220,1.1965556723225745e-06
32250,4.645152785087703e-06
32280,2.7417411274655024e-06
32310,8.943903822000721e-07
32340,8.199677381526271e-07
32370,6.239137633201608e-07
32400,1.380455728394736e-06
32430,7.45262980217376e-07
32460,3.177801090714638e-06
32490,7.968536124280945e-07
32520,1.6716478512535105e-06
32550,3.202952939318493e-06
32580,1.9192461877537426e-06
32610,1.0654448487912305e-06
32640,6.094052196203847e-07
32670,1.1664575367831276e-06
32700,9.689055104900035e-07
32730,3.0292424071376445e-06
32760,1.419735554009094e-06
32790,1.9588028408179525e-06
32820,1.4585405097022885e-06
32850,1.5718704844402964e-06
32880,2.4308060346811544e-06
32910,7.900155196693959e-07
32940,1.0779904187074862e-06
32970,1.5925749039524817e-06
33000,1.2261717756700818e-06
33030,1.3151036455383291e-06
33060,1.745432314237405e-06
33090,1.7772113096725661e-06
33120,1.0094099707202986e-06
33150,1.8000193904299522e-06
33180,4.576093488140032e-06
33210,1.146316776612366e-06
33240,1.290060140490823e-06
33270,2.3386110115097836e-06
33300,2.2404708488465985e-06
33330,1.8751474044620409e-06
33360,1.6237893305515172e-06
33390,2.698436446735286e-06
33420,1.2293214979308686e-07
33450,2.731403128564125e-06
33480,1.0982815865645534e-06
33510,1.1055677759941318e-06
33540,2.493226475053234e-06
33570,2.8027059215673944e-06
33600,2.3461441287508933e-06
33630,1.6689873518771492e-06
33660,2.13272051041713e-06
33690,2.100207211697125e-06
33720,1.6572014374105493e-06
33750,1.4575489331036806e-06
33780,7.320388135667599e-07
33810,2.680101488294895e-06
33840,1.6891578979993938e-06
33870,1.6948320080700796e-06
33900,2.0068741832801607e-06
33930,1.4727876305187237e-06
33960,2.2574122340301983e-06
33990,2.5434314920858014e-06
34020,2.087332177325152e-06
34050,2.316740847163601e-06
34080,1.297188418902806e-06
34110,1.7428345699954662e-06
34140,2.801192977130995e-06
34170,1.1803527968368144e-06
34200,2.1339151317079086e-06
34230,2.58729392044188e-06
34260,1.481008666814887e-06
34290,9.61664682108676e-07
34320,1.0969188224407844e-06
34350,7.929775165393949e-07
34380,2.8943686629645526e-06
34410,4.4399783405424387e-07
34440,2.1239870875433553e-06
34470,1.5153647154875216e-06
34500,9.213963636511835e-08
34530,1.6387907635362353e-06
34560,1.1764151395254885e-06
34590,6.349877139655291e-07
34620,1.115430109166482e-06
34650,2.5338654268125538e-06
34680,1.9895185232599033e-06
34710,7.387254186141945e-07
34740,7.034674354144954e-07
34770,7.508025987590372e-07
34800,1.6586157016718062e-06
34830,2.30833407499631e-07
34860,1.498046344750037e-06
34890,1.2228492778376676e-06
34920,9.099694011638348e-07
34950,1.089867055270588e-06
34980,1.1222640523556038e-06
35010,1.2650174312511808e-06
35040,1.259002715414681e-06
35070,2.2519873255077982e-06
35100,1.7256959381484194e-06
35130,1.3017707942708512e-06
35160,2.002977225856739e-06
35190,1.5397176866827067e-06
35220,5.933673605795775e-07
35250,1.7894573147714254e-06
35280,9.155966154139605e-07
35310,1.6281504713333561e-06
35340,1.3564189202952548e-06
35370,1.4005446473674965e-06
35400,1.3835327763445093e-06
35430,9.140667884821596e-07
35460,1.0556657343840925e-06
35490,9.727625638333848e-07
35520,3.3959702250285773e-06
35550,6.521713658003137e-07
35580,3.6007602943755046e-07
35610,3.7138281641091453e-06
35640,5.582662652159343e-07
35670,1.581465539857163e-06
35700,3.337624434607278e-07
35730,4.908847017759399e-07
35760,1.8788020952342777e-06
35790,1.5794450973771745e-06
35820,7.277380973391701e-07
35850,9.503874593974615e-07
35880,2.3288077954930486e-06
35910,2.0326601770648267e-06
35940,1.8189649608757463e-06
35970,9.065134349839354e-07
36000,7.788949005771428e-07
36030,1.022649939841358e-06
36060,2.630960125316051e-06
36090,9.691406148704118e-07
36120,1.9611979951150715e-06
36150,1.8380545725449338e-06
36180,1.7344341358693782e-06
36210,1.911790604935959e-06
36240,1.1897601552846027e-06
36270,1.1581038279473432e-06
36300,7.843249818506592e-07
36330,3.0353896818269277e-07
36360,3.1579870665154886e-06
36390,2.1280295641190605e-06
36420,2.37067615671549e-06
36450,2.3263678485818673e-06
36480,2.2837543838249985e-06
36510,2.0270099412300624e-06
36540,1.396467155245773e-06
36570,7.814217610757623e-07
36600,1.4789400211157044e-06
36630,8.665207360536442e-07
36660,1.2760933714162093e-06
36690,2.3870463792263763e-06
36720,1.4168030020300648e-06
36750,1.2973873708688188e-06
36780,3.3067117328755558e-06
36810,2.10905386666127e-06
36840,1.8448531591275241e-06
36870,2.7755863811762538e-06
36900,2.0236607269907836e-06
36930,2.732832399487961e-06
36960,1.4236815104595735e-06
36990,1.1841759715025546e-06
37020,2.2733697733201552e-06
37050,1.0425608252262464e-06
37080,3.685680667331326e-07
37110,1.425328264303971e-06
37140,1.6571949572607991e-06
37170,1.6847044435053249e-06
37200,1.6508824955963064e-06
37230,1.4264456922319368e-06
37260,2.096058778988663e-06
37290,1.7745370541888406e-06
37320,1.6463735619254294e-06
37350,1.027635903483315e-06
37380,3.79129858174565e-07
37410,2.7025719191442477e-06
37440,5.008911898585211e-07
37470,3.159648258588277e-06
37500,2.417690211586887e-06
37530,2.2027147679182235e-06
37560,2.274381358802202e-06
37590,1.0089439683724777e-06
37620,1.376036266265146e-06
37650,8.048713766584115e-07
37680,2.5727890715643298e-06
37710,1.4220011053112103e-06
37740,1.4813989537287853e-06
37770,2.069738684440381e-06
37800,4.493135179473029e-07
37830,1.4174376019582269e-06
37860,2.5999167974077864e-06
37890,2.1481782823684625e-06
37920,1.305360910919262e-06
37950,9.643964631322888e-07
37980,3.547965832240152e-07
38010,1.8997310462509631e-06
38040,2.1443702280521393e-06
38070,2.0652369130402803e-06
38100,8.858456794769154e-07
38130,1.6777891005403944e-06
38160,1.846188183662889e-06
38190,1.3947884553999756e-06
38220,1.1479521617729915e-06
38250,1.2070601087543764e-06
38280,9.05906745174434e-07
38310,1.4755896700080484e-06
38340,2.1988200842315564e-06
38370,2.808464614645345e-06
38400,1.970901848835638e-06
38430,2.234693283753586e-06
38460,1.0255671440972947e-06
38490,8.510388624927145e-07
38520,1.131096837525547e-06
38550,2.6055145099235233e-06
38580,1.4075866374696488e-06
38610,2.964067789434921e-06
38640,1.8208719438916887e-06
38670,1.699649942565884e-06
38700,6.377738372975728e-07
38730,1.801873963813705e-06
38760,1.864928435679758e-06
38790,2.777149575194926e-06
38820,1.5973951121850405e-06
38850,9.006365075947542e-07
38880,1.2753400824294658e-06
38910,1.683468667579291e-06
38940,1.457648863834038e-06
38970,1.6152010857695132e-06
39000,1.174779754364863e-06
39030,2.0367517663544277e-06
39060,2.122246769431513e-06
39090,2.8232414024387253e-06
39120,2.1053035652585095e-06
39150,1.111026563194173e-06
39180,7.3080832407868e-07
39210,5.762255455010745e-07
39240,1.1893405371665722e-06
39270,1.7220407926288317e-06
39300,1.277345177186362e-06
39330,2.1806572476634756e-06
39360,2.7454484552436043e-06
39390,1.6278539760605781e-06
39420,1.924207026604563e-06
39450,7.841665023988753e-07
39480,1.3758838122157613e-06
39510,4.151920620643068e-06
39540,1.4401794032892212e-06
39570,4.5179436369835457e-07
39600,2.096122898365138e-06
39630,1.3063746564512257e-06
39660,1.2291432085476117e-06
39690,1.220404556079302e-06
39720,2.181484433094738e-06
39750,2.3550667265226366e-06
39780,2.111457661158056e-06
39810,1.213743871630868e-06
39840,2.480663397363969e-06
39870,2.446643975417828e-06
39900,8.605220500612631e-07
39930,6.985444542806363e-07
39960,2.5856161300907843e-06
39990,3.3367518881277647e-06
40020,1.6821912822706508e-06
40050,8.420456651947461e-07
40080,2.5729714252520353e-06
40110,1.137547201324196e-06
40140,1.980810338864103e-06
40170,1.0726135997174424e-06
40200,5.264892024570145e-07
40230,2.3640420749870827e-06
40260,5.490014700626489e-07
40290,6.41800795619929e-07
40320,1.1546085261215921e-06
40350,4.998667009203928e-07
40380,1.6930205219978234e-06
40410,2.3371144379780162e-06
40440,1.1813284572781413e-06
40470,1.2631801382667618e-06
40500,1.3753075336353504e-06
40530,8.523867904841609e-07
40560,1.7566358110343572e-06
40590,1.6505784969922388e-06
40620,6.483456331807247e-07
40650,7.702677180532191e-07
40680,1.895603190860129e-06
40710,1.6173742096725618e-06
40740,8.185275532923697e-07
40770,2.27941018238198e-06
40800,1.1057003348469152e-06
40830,1.4302949011835153e-06
40860,2.556221716076834e-06
40890,3.2992511478369124e-06
40920,1.1409853186705732e-06
40950,2.9964367058710195e-06
40980,3.7633023453054193e-07
41010,1.37223833007738e-06
41040,1.5958852372932597e-06
41070,1.0758168400570867e-06
41100,6.780645662729512e-07
41130,1.8939650772153982e-06
41160,2.5047111193998717e-06
41190,3.46082902069611e-06
41220,1.4885675909681595e-06
41250,1.7068515489881975e-06
41280,1.0298050483470433e-06
41310,5.823014248562686e-07
41340,1.4329275472846348e-06
41370,1.206374577122915e-06
41400,3.2781797472125618e-06
41430,3.825374790267233e-07
41460,1.3059485581834451e-06
41490,1.8601276678964496e-06
41520,2.5091781026276294e-06
41550,1.386190206176252e-06
41580,9.287988973483152e-07
41610,2.5481731427134946e-06
41640,1.920364638863248e-06
41670,6.975080282245472e-07
41700,2.729237394305528e-06
41730,1.1615799166975194e-06
41760,1.817511702029151e-06
41790,1.6026982621042407e-06
41820,3.923702024621889e-06
41850,3.1013451007311232e-06
41880,8.657795547151181e-07
41910,1.0641763310559327e-06
41940,1.5576889609292266e-06
41970,2.2495819393952843e-06
42000,1.7667051679381984e-06
42030,1.5476191492780345e-06
42060,5.957396069788956e-07
42090,1.0705765589591465e-06
42120,1.1315385108900955e-06
42150,3.898526017565018e-07
42180,2.123690364896902e-06
42210,1.3542112355935387e-06
42240,2.211220817116555e-06
42270,1.2805810456484323e-06
42300,2.160879148505046e-06
42330,1.1682907370413886e-06
42360,2.8896731691929745e-06
42390,1.2010478940283065e-06
42420,1.0991636827384355e-06
42450,1.5709251783846412e-06
42480,3.0470334877463756e-07
42510,1.6577101860093535e-06
42540,2.6305531264370074e-06
42570,1.5770850723129115e-06
42600,1.0712434459492215e-06
42630,1.3050716916040983e-06
42660,2.828653805408976e-06
42690,7.189098027993168e-07
42720,1.5417160739161773e-06
42750,1.768471634022717e-06
42780,7.238675152620999e-07
42810,2.024091372732073e-06
42840,2.0956535990990233e-06
42870,1.1075907195845502e-06
42900,7.668443799957458e-07
42930,2.934418034783448e-06
42960,1.855001073636231e-06
42990,2.606645011837827e-06
43020,2.072040615530568e-06
43050,2.951252781713265e-06
43080,1.106337890632858e-06
43110,9.433531431568554e-07
43140,1.595611934135377e-06
43170,3.8719990698155016e-06
43200,1.502237978456833e-06
43230,2.2299986994767096e-06
43260,1.957710992428474e-06
43290,2.11950600714772e-06
43320,1.6825833881739527e-06
43350,2.1354323962441413e-06
43380,1.7646992773734382e-06
43410,1.1061564464398543e-06
43440,1.8204000298283063e-06
43470,2.534818122512661e-06
43500,1.016461737890495e-06
43530,2.0651314116548747e-06
43560,1.0477064051883644e-06
43590,6.022526122251293e-07
43620,1.588972054378246e-06
43650,2.2348233414959395e-06
43680,1.310336642745824e-06
43710,9.778641469893046e-07
43740,2.3102909381123027e-06
43770,1.0502644727239385e-06
43800,1.2641042985706008e-06
43830,8.020376753847813e-07
43860,8.174447430064902e-07
43890,2.862308519979706e-06
43920,1.0213035466222209e-06
43950,1.0734904662967892e-06
43980,1.229622512255446e-06
44010,2.154671392418095e-06
44040,1.099907535717648e-06
44070,1.5483996094189934e-06
44100,1.0419881846246426e-06
44130,4.105274911125889e-07
44160,1.0691691159081529e-06
44190,1.076009425560187e-06
44220,7.284987759703654e-07
44250,1.8782623101287754e-06
44280,2.8390786610543728e-06
44310,1.6365282817787374e-06
44340,8.755582712183241e-07
44370,1.6143865195772378e-06
44400,2.024072955464362e-06
44430,4.237744178681169e-06
44460,1.2389941730361897e-06
44490,1.3403523553279229e-06
44520,1.52170832734555e-06
44550,2.206766112067271e-06
44580,3.6292260574555257e-07
44610,2.8318618205958046e-06
44640,1.9320796127431095e-06
44670,7.894707891864527e-07
44700,6.163342618492607e-07
44730,2.168719674955355e-06
44760,7.96213043940952e-07
44790,1.671328277552675e-06
44820,2.6638219878805103e-06
44850,1.4761822058062535e-06
44880,1.3386020327743609e-06
44910,2.5637591534177773e-06
44940,1.041016503222636e-06
44970,2.4000216853892198e-06
45000,1.3138759413777734e-06
45030,1.822222770897497e-06
45060,1.3155608939996455e-06
45090,1.0809026207425632e-06
45120,1.3858953025192022e-06
45150,1.5998984963516705e-06
45180,3.3326321045024088e-06
45210,1.8305426010556403e-06
45240,4.364781034382759e-06
45270,8.089903076324845e-07
45300,5.732092631660635e-07
45330,9.701183216748177e-07
45360,7.673108939343365e-07
45390,6.841828508186154e-07
45420,5.143447765476594e-07
45450,1.061845182448451e-06
45480,2.379903435212327e-06
45510,7.462681423930917e-07
45540,1.8982975689141313e-06
45570,1.9570684344216716e-06
45600,3.1872382351139095e-06
45630,2.27968462240824e-06
45660,1.0365670277678873e-06
45690,5.37457310656464e-07
45720,3.6198159136802133e-07
45750,1.404247200298414e-06
45780,3.2502432532055536e-06
45810,2.2887847990205046e-06
45840,2.090508132823743e-06
45870,2.147224449799978e-06
45900,2.4336952719750116e-06
45930,2.596955710032489e-06
45960,2.177822580051725e-06
45990,1.2094576504750876e-06
46020,2.3469676762033487e-06
46050,1.2059653045071173e-06
46080,1.5935021338009392e-06
46110,1.4437093796004774e-06
46140,1.4250492768042022e-06
46170,2.783682475637761e-06
46200,2.2701271973346593e-06
46230,2.1614780507661635e-06
46260,1.5233636077027768e-06
46290,2.0317863800300984e-06
46320,2.747172402450815e-06
46350,2.1056041532574454e-06
46380,1.6684923593857093e-06
46410,1.2952838233104558e-06
46440,4.3296790863678325e-06
46470,4.999921543458186e-07
46500,1.9175352008460322e-06
46530,1.7949687389773317e-06
46560,2.9283717140060617e-06
46590,2.0110949208174134e-06
46620,2.3495238110626815e-06
46650,3.2192328944802284e-06
46680,1.8341002032684628e-06
46710,1.962080659723142e-06
46740,1.6690318034306983e-06
46770,1.7488248431618558e-06
46800,1.7138004295702558e-06
46830,1.3593665926237009e-06
46860,2.19549269786512e-06
46890,1.2720436188828899e-06
46920,5.388122303884302e-07
46950,2.102139205817366e-06
46980,1.8894513686973369e-06
47010,1.8049378240903025e-06
47040,9.852644780039554e-07
47070,6.314169809229497e-07
47100,2.4410644527961267e-06
47130,2.0075967768207192e-06
47160,6.408699277926644e-07
47190,5.934040245847427e-07
47220,1.7336961946057272e-06
47250,1.0426469998492394e-06
47280,1.1792193390647299e-06
47310,1.23940731100447e-06
47340,2.3007496565696783e-06
47370,2.0981597117497586e-06
47400,1.2553729220599052e-06
47430,8.904229389372631e-07
47460,2.060178076135344e-06
47490,2.3609420622960897e-06
47520,2.347120243939571e-06
47550,1.7729084902384784e-06
47580,1.5459420410479652e-06
47610,1.205673015647335e-06
47640,2.1662847302650334e-06
47670,2.1957725948595908e-06
47700,2.0363870589790167e-06
47730,3.281644012531615e-06
47760,4.3904952917728224e-07
47790,3.1739414225739893e-06
47820,9.586919986759312e-07
47850,4.3019904296670575e-06
47880,1.2079869975423208e-06
47910,9.023698339660768e-07
47940,1.5015949657026795e-06
47970,2.2117853859526804e-06
48000,2.342944981137407e-06
48030,1.7722325083013857e-06
48060,1.9863052784785395e-06
48090,2.1233270217635436e-06
48120,1.4943069572836976e-06
48150,2.642823574205977e-06
48180,1.3614359204439097e-06
48210,4.40197993611946e-07
48240,2.8794497666240204e-06
48270,1.5724288005003473e-06
48300,1.6783480987214716e-06
48330,6.978932560741669e-07
48360,2.8662525437539443e-06
48390,1.9431711280049058e-06
48420,2.063534111584886e-06
48450,4.6382805862776877e-07
48480,1.7984523310587974e-06
48510,1.246675765287364e-06
48540,2.3155837425292702e-06
48570,2.678387090782053e-06
48600,3.197972375801328e-07
48630,1.2828089666072628e-06
48660,2.208173327744589e-06
48690,1.8360037756792735e-06
48720,2.0732195480377413e-06
48750,1.473107317906397e-06
48780,2.811376816680422e-06
48810,2.556144181653508e-06
48840,1.4800172039031168e-06
48870,5.281130484036112e-07
48900,3.073358811889193e-06
48930,1.6333362964360276e-06
48960,9.067758810488158e-07
48990,7.381073601209209e-07
49020,2.3438090011040913e-06
49050,2.06014533432608e-06
49080,9.857602663032594e-07
49110,2.504808207959286e-06
49140,1.4407538628802286e-06
49170,1.4719498722115532e-06
49200,8.779733207120444e-07
49230,1.2240835758348112e-06
49260,1.2616056892511551e-06
49290,1.109124696085928e-06
49320,1.2749748066198663e-06
49350,2.8362319426378235e-06
49380,1.1744601806640276e-06
49410,1.1342615380272036e-06
49440,1.7135695316028432e-06
49470,1.97193412532215e-06
49500,1.0956082405755296e-06
49530,1.5025802895252127e-06
49560,3.051133944609319e-06
49590,1.9828739823424257e-06
49620,9.365975301989238e-07
49650,1.4879551599733531e-06
49680,9.238019629265182e-07
49710,1.3695705547434045e-06
49740,7.826195655979973e-07
49770,8.128048420985579e-07
49800,1.2158262734374148e-06
49830,8.738045380596304e-07
49860,1.1148696330565144e-06
49890,2.133636826329166e-06
49920,1.2111898968214518e-06
49950,1.4706973843203741e-06
49980,3.2585971894150134e-06
50010,1.4722883179274504e-06
50040,1.846860413934337e-06
50070,3.973245554789173e-07
50100,1.4943556152502424e-06
50130,1.5566187130389153e-06
50160,1.88664694178442e-06
50190,2.377813871135004e-06
50220,2.4196865524572786e-06
50250,5.562263254432764e-07
50280,3.9706583265797235e-06
50310,3.540995976436534e-06
50340,7.215182904474204e-07
50370,2.941797447419958e-06
50400,1.4929889857739909e-06
50430,5.994692855892936e-06
50460,3.3943770176847465e-06
50490,1.3722089988732478e-06
50520,2.0741731532325502e-06
50550,1.4549582374456804e-06
50580,2.586996970421751e-06
50610,1.1520155567268375e-06
50640,8.633084576104011e-07
50670,3.2164427921088645e-07
50700,6.206415719134384e-07
50730,2.326819640074973e-06
50760,1.0507505976420362e-06
50790,1.9531892121449346e-06
50820,1.884662651718827e-06
50850,2.0905688415950863e-06
50880,1.6646195035718847e-06
50910,2.4710973320907215e-06
50940,2.241312358819414e-06
50970,1.518702674729866e-06
51000,9.164488119495218e-07
51030,2.0121451598242857e-06
51060,1.3965898233436747e-06
51090,1.8427602981319069e-06
51120,5.391088393480459e-07
51150,2.128572532456019e-06
51180,3.649938207672676e-06
51210,2.6844031708606053e-06
51240,8.296790383610642e-07
51270,1.1064046248066006e-06
51300,7.316604069274035e-07
51330,9.604769957149983e-07
51360,7.911973511909309e-07
51390,1.912000470838393e-06
51420,1.0634090585881495e-06
51450,3.195568524461123e-06
51480,5.015115220885491e-07
51510,2.4681949639671075e-07
51540,2.0239642708475003e-06
51570,2.302112989127636e-06
51600,1.9460026123852003e-06
51630,2.8617794214369496e-06
51660,9.974962722480996e-07
51690,1.6499473076692084e-06
51720,2.4776020381978014e-06
51750,2.6178831831202842e-06
51780,1.2785055787389865e-06
51810,6.852514502497797e-07
51840,1.2700908200713457e-06
51870,1.554789264446299e-06
51900,1.8022245740212384e-06
51930,2.2938386337045813e-06
51960,1.4740752476427588e-06
51990,1.7901938917930238e-06
52020,1.8581609992907033e-06
52050,1.1664147905321443e-06
52080,2.6042512217827607e-06
52110,1.6250323824351653e-06
52140,2.230727886853856e-06
52170,8.58725627495005e-07
52200,1.4802236592004192e-06
52230,8.630912020635151e-07
52260,2.552571686464944e-06
52290,2.8426636617950862e-06
52320,1.754713252921647e-06
52350,3.0467570013570366e-06
52380,1.1629397249635076e-06
52410,2.9246923531900393e-06
52440,1.9727503968169913e-06
52470,5.422429580903554e-07
52500,2.0338277408882277e-06
52530,7.357359095294669e-07
52560,1.3577854360846686e-06
52590,4.529419584287098e-06
52620,2.331643827346852e-06
52650,1.8203865010946174e-06
52680,2.2884589725435944e-06
52710,1.32689899601246e-06
52740,1.6540799379072268e-06
52770,1.7188644960697275e-06
52800,1.9319791135785636e-06
52830,3.1203064736473607e-06
52860,7.881056944825104e-07
52890,1.1092135991930263e-06
52920,1.0408672324047075e-06
52950,2.4260471036541276e-06
52980,1.9670635538204806e-06
53010,1.2442349088814808e-06
53040,1.4082576171858818e-06
53070,2.221963995907572e-06
53100,2.4705136638658587e-06
53130,1.4188375416779309e-06
53160,2.3821808099455666e-06
53190,1.6059385643529822e-06
53220,3.7752188291051425e-06
53250,2.7244325337960618e-06
53280,1.922524006658932e-06
53310,1.815593918763625e-06
53340,2.3866571154940175e-06
53370,2.242741174995899e-06
53400,1.2831261528845062e-06
53430,3.4164493172283983e-06
53460,1.961348061740864e-06
53490,1.60661329573486e-06
53520,1.7069062323571416e-06
53550,1.8253941789225792e-06
53580,2.51607298196177e-06
53610,2.7955106816079933e-06
53640,1.8957581460199435e-06
53670,5.94783443830238e-07
53700,1.9722267552424455e-06
53730,4.323812845541397e-06
53760,2.727120772760827e-06
53790,1.6736296402086737e-06
53820,1.2793918813258642e-06
53850,1.22735843888222e-06
53880,2.188744247177965e-06
53910,2.4657956601004116e-06
53940,3.0889011668477906e-06
53970,2.367957904425566e-06
54000,3.532849632392754e-06
54030,2.147184886780451e-06
54060,2.369231651755399e-06
54090,1.303040562561364e-06
54120,3.07261598209152e-06
54150,2.4209555249399273e-06
54180,2.995624299728661e-06
54210,2.5427057153137866e-06
54240,1.586941948517051e-06
54270,9.233440891875944e-07
54300,1.5955466778905247e-06
54330,9.539752454656991e-07
54360,1.2126035926485201e-06
54390,4.856389296037378e-06
54420,8.670448323755409e-07
54450,1.8204048046754906e-06
54480,2.1825733256264357e-06
54510,1.475456315347401e-06
54540,1.1049133945562062e-06
54570,1.6592944120930042e-06
54600,2.0479994873312535e-06
54630,2.19958383240737e-06
54660,2.578870180514059e-06
54690,8.95265145572921e-07
54720,2.4829080302879447e-06
54750,2.481903720763512e-06
54780,1.9319661532790633e-06
54810,2.366427679589833e-06
54840,1.3237635130280978e-06
54870,2.7497412702359725e-06
54900,1.0919565056610736e-06
54930,7.859413813093852e-07
54960,1.4003811656948528e-06
54990,1.3267007261674735e-06
55020,1.0554059599598986e-06
55050,1.8154320287067094e-06
55080,2.066968590952456e-06
55110,7.203316272352822e-07
55140,1.962160013135872e-06
55170,2.707295607251581e-06
55200,7.673430104659928e-07
55230,2.330743427592097e-06
55260,1.14486954316817e-06
55290,2.0984755337849492e-06
55320,7.443516096827807e-07
55350,1.5025825632619672e-06
55380,9.473203590459889e-07
55410,1.0581346714388928e-06
55440,4.029452043141646e-07
55470,1.437974219697935e-06
55500,1.7505597043054877e-06
55530,1.6869616956682876e-06
55560,1.4355948678712593e-06
55590,2.6018619792012032e-06
55620,6.920380428709905e-07
55650,1.409809783581295e-06
55680,3.225504542569979e-06
55710,2.2042841010261327e-06
55740,1.4717136309627676e-06
55770,1.8110594055542606e-06
55800,1.5035955129860668e-06
55830,5.40968983386847e-07
55860,7.62154854783148e-07
55890,2.7281969323667e-06
55920,1.5332265093093156e-06
55950,1.5646759266019217e-06
55980,1.4387388773684506e-06
56010,2.956360731332097e-06
56040,2.989900849570404e-06
56070,2.8225972528161947e-06
56100,2.092211389026488e-06
56130,1.164750301541062e-06
56160,1.7154791294160532e-06
56190,2.594056695670588e-06
56220,3.324179260744131e-06
56250,1.8809901121130679e-06
56280,1.4108763934927993e-06
56310,2.055513959930977e-06
56340,2.213798097727704e-06
56370,7.57840723508707e-07
56400,1.6663673250150168e-06
56430,2.9739512683590874e-06
56460,4.745998467114987e-06
56490,1.3074080698061152e-06
56520,7.919159088487504e-07
56550,1.5467841194549692e-06
56580,9.613977454137057e-07
56610,1.4733967645952362e-06
56640,1.6208089164138073e-06
56670,1.873130372587184e-06
56700,1.0161813861486735e-06
56730,1.6719560562705738e-06
56760,2.568631316535175e-06
56790,3.2527266284887446e-06
56820,5.639271307700255e-07
56850,2.4758958261372754e-06
56880,7.085542392815114e-07
56910,1.736421836540103e-06
56940,2.3429620341630653e-06
56970,2.275518681926769e-06
57000,1.2674947811319726e-06
57030,3.7214492749626515e-06
57060,2.4224705157394055e-06
57090,1.9942185645049904e-06
57120,1.6897039358809707e-06
57150,2.659553274497739e-06
57180,1.1431321809141082e-06
57210,8.687899821779865e-07
57240,9.053543976733636e-07
57270,4.92144920372084e-07
57300,3.1828069495531963e-06
57330,1.2351656550890766e-06
57360,6.241591563593829e-07
57390,1.988223175430903e-06
57420,4.444822025106987e-06
57450,6.676289103779709e-07
57480,1.089254055841593e-06
57510,1.399510438204743e-06
57540,1.5018219983176095e-06
57570,2.773753521978506e-06
57600,1.653150775382528e-06
57630,2.166518470403389e-06
57660,1.318685576734424e-06
57690,1.8371333680988755e-06
57720,3.3566393540240824e-06
57750,1.3183478131395532e-06
57780,1.7391644178132992e-06
57810,1.0692898513298132e-06
57840,1.6942314005063963e-06
57870,2.0694528757303488e-06
57900,1.4323134109872626e-06
57930,2.1508908503165003e-06
57960,4.4852018277197203e-07
57990,2.7817056889034575e-06
58020,2.282776449646917e-06
58050,2.300897676832392e-06
58080,2.440627440591925e-06
58110,5.121417871123413e-06
58140,1.8483939356883639e-06
58170,1.271562041438301e-06
58200,1.2218411029607523e-06
58230,1.8275702586834086e-06
58260,7.534286510235688e-07
58290,8.842260967867333e-07
58320,1.3479741483024554e-06
58350,1.1636118415481178e-06
58380,4.6646155169582926e-06
58410,2.388441998846247e-06
58440,3.1927122563502053e-06
58470,2.177966280214605e-06
58500,1.6175472410395741e-06
58530,1.1745022447939846e-06
58560,1.6181217006305815e-06
58590,2.518752808100544e-06
58620,1.499346581113059e-06
58650,2.0753270746354247e-06
58680,2.2063165943109198e-06
58710,2.381222657277249e-06
58740,1.433874899703369e-06
58770,2.3130082809075247e-06
58800,2.1127707441337407e-06
58830,3.039610646737856e-06
58860,1.675734665695927e-06
58890,2.596561671452946e-06
58920,3.979371285822708e-06
58950,1.8315638499188935e-06
58980,1.3854516964784125e-06
59010,2.4078794922388624e-06
59040,7.437312774527527e-07
59070,1.0803923942148685e-06
59100,1.6806893654575106e-06
59130,2.9001273560425034e-06
59160,2.429677351756254e-06
59190,1.9903779957530787e-06
59220,1.958704615390161e-06
59250,1.995736738535925e-06
59280,2.168922719647526e-06
59310,2.7981384391750908e-06
59340,3.432269295444712e-06
59370,1.1072202141804155e-06
